feature_set,model,MAE,RMSE,sMAPE
History+NLP,RandomForest,1061.867062117684,1412.1108902856788,13.545506566903997
HistoryOnly,RandomForest,1086.4490470119235,1431.0519248534645,13.936921993791083
History+NLP,LightGBM,1393.8101287746222,1745.5929042615307,18.19554183722661
History+NLP,Ridge,1374.4034851285544,1658.3437119764878,18.32749083295164
HistoryOnly,Ridge,1379.2998995405676,1669.5612391147217,18.39045094675226
HistoryOnly,LightGBM,1414.7899420886308,1761.0497509244415,18.518071636457226
Baseline,SeasonalNaive,1480.618148296593,1838.64006513738,19.51330393645151
Baseline,Naive,1744.025460253841,2077.4778058597212,23.76830546613429
